{
    "1": {
        "precision": 0.47619047619047616,
        "recall": 0.11428571428571428,
        "f1-score": 0.18433179723502305,
        "support": 350.0
    },
    "2": {
        "precision": 0.6002719238613188,
        "recall": 0.6445255474452555,
        "f1-score": 0.6216121084125308,
        "support": 1370.0
    },
    "3": {
        "precision": 0.5555555555555556,
        "recall": 0.6624168514412417,
        "f1-score": 0.6042983565107459,
        "support": 1804.0
    },
    "4": {
        "precision": 0.54182156133829,
        "recall": 0.5247524752475248,
        "f1-score": 0.5331504343850023,
        "support": 1111.0
    },
    "5": {
        "precision": 0.4513888888888889,
        "recall": 0.23985239852398524,
        "f1-score": 0.3132530120481928,
        "support": 271.0
    },
    "6": {
        "precision": 0.1,
        "recall": 0.05,
        "f1-score": 0.06666666666666667,
        "support": 40.0
    },
    "accuracy": 0.5596441568944601,
    "macro avg": {
        "precision": 0.4542047343057549,
        "recall": 0.37263883115728685,
        "f1-score": 0.3872187292096936,
        "support": 4946.0
    },
    "weighted avg": {
        "precision": 0.549848679360013,
        "recall": 0.5596441568944601,
        "f1-score": 0.5430989321140872,
        "support": 4946.0
    }
}