{
    "1": {
        "precision": 0.518348623853211,
        "recall": 0.32285714285714284,
        "f1-score": 0.397887323943662,
        "support": 350.0
    },
    "2": {
        "precision": 0.5182094081942337,
        "recall": 0.4985401459854015,
        "f1-score": 0.5081845238095238,
        "support": 1370.0
    },
    "3": {
        "precision": 0.4826666666666667,
        "recall": 0.6019955654101996,
        "f1-score": 0.5357671435619141,
        "support": 1804.0
    },
    "4": {
        "precision": 0.4897750511247444,
        "recall": 0.43114311431143115,
        "f1-score": 0.45859262805169937,
        "support": 1111.0
    },
    "5": {
        "precision": 0.4,
        "recall": 0.25830258302583026,
        "f1-score": 0.31390134529147984,
        "support": 271.0
    },
    "6": {
        "precision": 0.14285714285714285,
        "recall": 0.025,
        "f1-score": 0.0425531914893617,
        "support": 40.0
    },
    "accuracy": 0.4917104731095835,
    "macro avg": {
        "precision": 0.4253094821159997,
        "recall": 0.35630642526500084,
        "f1-score": 0.37614769269127346,
        "support": 4946.0
    },
    "weighted avg": {
        "precision": 0.48935583132941113,
        "recall": 0.4917104731095835,
        "f1-score": 0.48488942377355965,
        "support": 4946.0
    }
}